{"train_f1": 0.5894736842105263, "train_precision": 0.5894736842105263, "train_recall": 0.5894736842105263, "test_f1": 0.5201793721973094, "test_precision": 0.5201793721973094, "test_recall": 0.5201793721973094}