{"train_f1": 0.5789473684210527, "train_precision": 0.5789473684210527, "train_recall": 0.5789473684210527, "test_f1": 0.47533632286995514, "test_precision": 0.47533632286995514, "test_recall": 0.47533632286995514}