{"train_f1": 0.5578947368421052, "train_precision": 0.5578947368421052, "train_recall": 0.5578947368421052, "test_f1": 0.5246636771300448, "test_precision": 0.5246636771300448, "test_recall": 0.5246636771300448}